"Line","","1947","1947","1947","1947","1948","1948","1948","1948","1949","1949","1949","1949","1950","1950","1950","1950","1951","1951","1951","1951","1952","1952","1952","1952","1953","1953","1953","1953","1954","1954","1954","1954","1955","1955","1955","1955","1956","1956","1956","1956","1957","1957","1957","1957","1958","1958","1958","1958","1959","1959","1959","1959","1960","1960","1960","1960","1961","1961","1961","1961","1962","1962","1962","1962","1963","1963","1963","1963","1964","1964","1964","1964","1965","1965","1965","1965","1966","1966","1966","1966","1967","1967","1967","1967","1968","1968","1968","1968","1969","1969","1969","1969","1970","1970","1970","1970","1971","1971","1971","1971","1972","1972","1972","1972","1973","1973","1973","1973","1974","1974","1974","1974","1975","1975","1975","1975","1976","1976","1976","1976","1977","1977","1977","1977","1978","1978","1978","1978","1979","1979","1979","1979","1980","1980","1980","1980","1981","1981","1981","1981","1982","1982","1982","1982","1983","1983","1983","1983","1984","1984","1984","1984","1985","1985","1985","1985","1986","1986","1986","1986","1987","1987","1987","1987","1988","1988","1988","1988","1989","1989","1989","1989","1990","1990","1990","1990","1991","1991","1991","1991","1992","1992","1992","1992","1993","1993","1993","1993","1994","1994","1994","1994","1995","1995","1995","1995","1996","1996","1996","1996","1997","1997","1997","1997","1998","1998","1998","1998","1999","1999","1999","1999","2000","2000","2000","2000","2001","2001","2001","2001","2002","2002","2002","2002","2003","2003","2003","2003","2004","2004","2004","2004","2005","2005","2005","2005","2006","2006","2006","2006","2007","2007","2007","2007","2008","2008","2008","2008","2009","2009","2009","2009","2010","2010","2010","2010","2011","2011","2011","2011","2012","2012","2012","2012","2013","2013","2013","2013","2014","2014","2014","2014","2015","2015","2015","2015","2016","2016","2016","2016","2017","2017","2017","2017","2018","2018","2018","2018","2019","2019","2019","2019","2020","2020","2020","2020"
"Line","","Q1","Q2","Q3","Q4","Q1","Q2","Q3","Q4","Q1","Q2","Q3","Q4","Q1","Q2","Q3","Q4","Q1","Q2","Q3","Q4","Q1","Q2","Q3","Q4","Q1","Q2","Q3","Q4","Q1","Q2","Q3","Q4","Q1","Q2","Q3","Q4","Q1","Q2","Q3","Q4","Q1","Q2","Q3","Q4","Q1","Q2","Q3","Q4","Q1","Q2","Q3","Q4","Q1","Q2","Q3","Q4","Q1","Q2","Q3","Q4","Q1","Q2","Q3","Q4","Q1","Q2","Q3","Q4","Q1","Q2","Q3","Q4","Q1","Q2","Q3","Q4","Q1","Q2","Q3","Q4","Q1","Q2","Q3","Q4","Q1","Q2","Q3","Q4","Q1","Q2","Q3","Q4","Q1","Q2","Q3","Q4","Q1","Q2","Q3","Q4","Q1","Q2","Q3","Q4","Q1","Q2","Q3","Q4","Q1","Q2","Q3","Q4","Q1","Q2","Q3","Q4","Q1","Q2","Q3","Q4","Q1","Q2","Q3","Q4","Q1","Q2","Q3","Q4","Q1","Q2","Q3","Q4","Q1","Q2","Q3","Q4","Q1","Q2","Q3","Q4","Q1","Q2","Q3","Q4","Q1","Q2","Q3","Q4","Q1","Q2","Q3","Q4","Q1","Q2","Q3","Q4","Q1","Q2","Q3","Q4","Q1","Q2","Q3","Q4","Q1","Q2","Q3","Q4","Q1","Q2","Q3","Q4","Q1","Q2","Q3","Q4","Q1","Q2","Q3","Q4","Q1","Q2","Q3","Q4","Q1","Q2","Q3","Q4","Q1","Q2","Q3","Q4","Q1","Q2","Q3","Q4","Q1","Q2","Q3","Q4","Q1","Q2","Q3","Q4","Q1","Q2","Q3","Q4","Q1","Q2","Q3","Q4","Q1","Q2","Q3","Q4","Q1","Q2","Q3","Q4","Q1","Q2","Q3","Q4","Q1","Q2","Q3","Q4","Q1","Q2","Q3","Q4","Q1","Q2","Q3","Q4","Q1","Q2","Q3","Q4","Q1","Q2","Q3","Q4","Q1","Q2","Q3","Q4","Q1","Q2","Q3","Q4","Q1","Q2","Q3","Q4","Q1","Q2","Q3","Q4","Q1","Q2","Q3","Q4","Q1","Q2","Q3","Q4","Q1","Q2","Q3","Q4","Q1","Q2","Q3","Q4","Q1","Q2","Q3","Q4","Q1","Q2","Q3","Q4","Q1","Q2","Q3","Q4","Q1","Q2","Q3","Q4","Q1","Q2","Q3","Q4"
"1","        Gross domestic product",12.552,12.519,12.493,12.688,12.879,13.092,13.167,13.181,13.000,12.955,13.089,12.979,13.489,13.901,14.438,14.714,14.914,15.173,15.485,15.519,15.685,15.719,15.833,16.353,16.657,16.785,16.691,16.438,16.360,16.377,16.562,16.886,17.369,17.651,17.890,17.997,17.927,18.075,18.059,18.356,18.474,18.433,18.614,18.421,17.943,18.061,18.479,18.911,19.275,19.710,19.724,19.780,20.224,20.115,20.214,19.954,20.089,20.430,20.822,21.231,21.609,21.805,22.072,22.145,22.387,22.638,23.136,23.287,23.778,24.037,24.413,24.488,25.081,25.397,25.962,26.560,27.207,27.300,27.531,27.757,28.003,28.020,28.285,28.498,29.079,29.565,29.794,29.912,30.380,30.472,30.673,30.524,30.478,30.522,30.803,30.473,31.301,31.470,31.729,31.804,32.389,33.124,33.436,33.996,34.838,35.217,35.032,35.364,35.060,35.144,34.811,34.676,34.254,34.499,35.089,35.562,36.362,36.628,36.829,37.096,37.535,38.264,38.955,38.956,39.080,40.590,40.998,41.549,41.624,41.669,41.978,42.083,42.215,41.346,41.296,42.067,42.891,42.573,43.083,42.613,41.951,42.143,41.982,41.998,42.552,43.520,44.390,45.316,46.202,47.000,47.454,47.843,48.307,48.732,49.476,49.844,50.309,50.536,51.020,51.294,51.676,52.233,52.686,53.591,53.868,54.576,54.896,55.627,56.193,56.621,57.041,57.153,57.778,57.988,58.026,57.498,57.229,57.675,57.967,58.169,58.865,59.503,60.091,60.718,60.820,61.174,61.466,62.302,62.906,63.759,64.131,64.866,65.096,65.290,65.846,66.293,66.789,67.903,68.513,69.224,69.671,70.829,71.715,72.331,73.054,73.730,74.653,75.860,76.578,77.167,78.177,79.506,79.794,81.255,81.363,81.870,81.637,82.114,81.773,81.996,82.713,83.214,83.584,83.713,84.178,84.902,86.344,87.335,87.801,88.470,89.307,90.201,91.200,91.621,92.437,93.021,94.258,94.479,94.625,95.431,95.655,96.203,96.726,97.314,96.755,97.254,96.728,94.635,93.572,93.438,93.778,94.808,95.173,96.050,96.758,97.244,97.010,97.704,97.677,98.809,99.583,100.011,100.146,100.260,101.148,101.273,102.066,102.881,102.590,103.979,105.248,105.841,106.845,107.568,107.958,108.131,108.744,109.083,109.677,110.367,110.991,111.465,112.278,113.351,114.407,115.172,115.777,116.157,116.999,117.433,118.181,118.874,117.373,106.825,114.815,115.949
"2","Personal consumption expenditures",11.583,11.776,11.814,11.818,11.877,12.015,12.033,12.129,12.149,12.335,12.363,12.544,12.753,12.963,13.629,13.218,13.537,13.155,13.308,13.386,13.417,13.679,13.745,14.230,14.397,14.484,14.449,14.352,14.405,14.592,14.790,15.100,15.439,15.735,15.929,16.129,16.155,16.209,16.246,16.470,16.584,16.613,16.744,16.751,16.520,16.656,16.933,17.163,17.477,17.747,17.932,17.953,18.124,18.353,18.280,18.303,18.297,18.569,18.659,19.034,19.236,19.473,19.629,19.907,20.047,20.236,20.510,20.681,21.087,21.460,21.857,21.919,22.408,22.655,23.044,23.692,24.042,24.103,24.379,24.480,24.621,24.958,25.086,25.239,25.844,26.238,26.729,26.850,27.148,27.323,27.456,27.675,27.847,27.973,28.218,28.142,28.682,28.946,29.176,29.661,30.052,30.624,31.096,31.826,32.407,32.392,32.506,32.409,32.119,32.235,32.373,31.900,32.168,32.697,33.162,33.518,34.188,34.503,34.866,35.319,35.735,35.929,36.268,36.814,37.020,37.812,37.971,38.277,38.475,38.450,38.825,38.921,38.865,37.990,38.407,38.926,39.056,39.059,39.240,38.971,39.258,39.378,39.642,40.336,40.735,41.565,42.310,42.984,43.341,43.948,44.274,44.848,45.610,46.028,46.903,47.004,47.415,47.931,48.779,49.079,49.127,49.798,50.366,50.473,51.364,51.744,52.203,52.797,53.042,53.290,53.805,54.039,54.494,54.660,54.877,54.459,54.254,54.704,54.977,54.949,55.978,56.358,56.962,57.641,57.862,58.388,59.038,59.557,60.238,60.706,61.169,61.831,61.985,62.528,63.095,63.535,64.121,64.810,65.203,65.722,66.415,66.714,67.851,68.662,69.356,70.577,71.498,72.531,73.234,74.302,75.141,76.242,77.413,78.161,78.928,79.607,79.926,80.115,80.389,81.591,81.841,82.261,82.857,83.333,83.725,84.666,85.908,86.490,87.260,87.803,88.774,89.739,90.263,91.287,92.173,92.447,93.477,93.951,94.521,95.436,95.970,96.148,96.690,96.965,96.708,96.864,96.139,95.244,95.029,94.644,95.297,95.156,95.627,96.387,97.061,97.703,98.119,98.336,98.721,98.901,99.696,99.843,100.006,100.455,100.976,101.048,101.459,102.333,102.737,103.861,104.979,106.252,107.191,108.045,108.943,109.526,110.369,111.075,111.790,112.476,113.359,113.867,114.516,115.690,116.274,117.183,117.954,118.412,118.955,120.042,120.846,121.322,119.184,107.754,117.425,118.152
"3","    Goods",12.230,12.450,12.533,12.580,12.599,12.713,12.701,12.785,12.766,13.047,13.114,13.407,13.667,13.813,14.847,14.064,14.374,13.644,13.794,13.905,13.839,14.149,14.135,14.849,15.045,15.074,14.947,14.857,14.848,14.993,15.152,15.575,16.053,16.505,16.735,16.853,16.778,16.754,16.684,16.923,17.081,17.019,17.162,17.027,16.621,16.671,16.986,17.314,17.716,17.997,18.139,17.992,18.172,18.426,18.308,18.198,18.026,18.298,18.417,18.827,19.048,19.235,19.383,19.686,19.869,20.034,20.235,20.304,20.774,21.211,21.706,21.547,22.248,22.409,22.868,23.749,24.196,24.075,24.422,24.371,24.434,24.860,24.786,24.884,25.676,26.060,26.699,26.655,27.012,27.032,27.080,27.177,27.221,27.298,27.466,27.169,28.042,28.272,28.454,28.955,29.225,29.998,30.520,31.415,32.166,31.855,31.866,31.550,31.035,30.938,31.037,29.777,29.993,30.634,31.390,31.604,32.529,32.921,33.211,33.615,33.991,34.242,34.518,35.254,35.056,36.062,36.092,36.499,36.471,36.163,36.764,36.609,36.423,34.923,35.282,35.682,36.196,35.907,36.269,35.621,35.977,35.969,36.160,36.890,37.082,38.176,39.023,39.942,40.483,41.385,41.411,42.058,42.707,43.097,44.246,43.982,44.650,45.444,46.852,46.822,45.865,46.743,47.446,47.022,48.132,48.382,48.372,49.140,49.207,49.485,50.197,50.031,50.702,50.158,50.042,49.252,48.830,49.103,49.398,48.851,49.958,50.212,50.761,51.433,51.632,52.460,53.002,53.677,54.586,55.072,55.583,56.646,56.365,56.745,57.432,57.974,58.438,59.578,60.002,60.729,61.545,61.495,63.098,63.959,64.440,66.115,67.108,69.149,70.003,71.656,72.501,73.746,74.851,75.242,76.027,76.686,76.866,77.073,77.623,80.419,80.283,80.506,81.501,81.825,82.276,84.069,86.433,87.210,88.193,88.497,89.738,90.939,91.635,92.989,93.875,93.677,95.616,95.755,96.597,97.951,98.639,98.870,99.492,99.688,98.050,97.903,95.851,92.930,92.953,92.355,93.965,93.462,94.165,95.449,96.167,97.503,97.990,97.629,97.663,98.369,99.616,99.598,100.037,100.749,102.481,102.554,103.290,104.264,104.957,106.843,108.074,109.528,110.838,112.012,113.269,113.709,114.943,116.090,117.234,117.839,118.982,120.425,121.640,123.931,124.572,125.860,126.746,127.547,128.338,130.747,132.093,132.275,132.305,128.580,141.637,141.479
"4","        Durable goods",3.896,3.978,4.033,4.295,4.273,4.302,4.375,4.313,4.234,4.601,4.821,5.012,5.204,5.249,6.493,5.690,5.869,5.027,4.936,4.920,4.948,5.045,4.745,5.563,5.750,5.717,5.681,5.522,5.351,5.610,5.634,5.980,6.518,6.871,7.094,6.907,6.591,6.600,6.483,6.692,6.814,6.654,6.608,6.531,6.096,6.003,6.128,6.352,6.697,6.949,7.083,6.745,6.962,7.120,7.064,6.886,6.508,6.643,6.805,7.135,7.289,7.485,7.539,7.871,8.028,8.201,8.302,8.433,8.762,8.990,9.287,9.002,9.840,9.855,10.192,10.622,11.127,10.683,11.033,11.029,10.820,11.286,11.195,11.224,11.921,12.175,12.723,12.648,12.886,12.851,12.815,12.766,12.570,12.715,12.761,11.914,13.192,13.492,13.851,14.443,14.773,15.145,15.534,16.357,17.398,17.193,17.040,16.642,16.252,16.339,16.434,14.870,15.187,15.483,16.449,16.928,17.774,17.854,18.057,18.343,19.036,19.486,19.773,20.189,19.653,21.118,20.834,20.998,20.750,20.281,20.846,20.309,19.990,17.834,18.625,19.192,19.737,18.969,19.546,18.142,18.723,18.792,18.944,19.809,20.008,21.467,22.292,23.392,24.274,24.838,24.845,25.652,26.543,26.859,28.578,27.594,28.157,29.152,31.638,31.137,29.290,30.491,31.751,30.894,32.356,32.367,31.945,32.772,32.627,33.062,33.810,32.783,34.167,33.038,32.703,31.802,30.926,31.082,31.559,31.044,32.263,32.487,33.180,33.839,34.168,35.277,35.671,36.529,37.399,37.801,38.199,39.541,38.722,39.116,40.220,40.917,41.362,42.678,42.982,43.820,45.006,44.863,46.861,48.058,48.445,50.894,52.339,55.431,55.551,58.207,59.602,60.316,63.682,62.505,63.567,64.007,65.059,65.003,65.749,71.229,70.451,70.893,73.019,72.352,72.419,75.708,79.058,80.201,81.601,81.814,83.926,85.512,85.920,88.207,89.932,87.240,90.704,90.742,92.042,93.340,94.595,95.588,96.757,97.481,94.330,93.658,90.499,83.838,83.985,83.375,87.425,85.363,86.406,89.130,90.531,93.065,93.880,93.216,94.043,96.297,98.651,98.836,100.120,102.393,105.018,105.492,106.385,107.527,109.235,113.157,115.216,117.397,119.512,122.040,123.694,124.389,126.094,127.781,131.123,133.036,134.307,136.448,139.366,143.825,145.242,147.751,148.910,149.819,150.175,154.730,157.123,158.333,153.114,152.470,177.260,177.240
"5","        Nondurable goods",20.684,21.038,21.135,20.859,20.927,21.132,21.004,21.279,21.361,21.421,21.233,21.581,21.857,22.111,22.493,21.993,22.397,22.069,22.533,22.798,22.609,23.135,23.542,23.887,24.035,24.145,23.924,23.960,24.191,24.126,24.431,24.842,25.100,25.563,25.735,26.258,26.554,26.488,26.506,26.718,26.880,26.981,27.356,27.177,26.932,27.176,27.673,28.053,28.418,28.654,28.763,28.941,29.014,29.331,29.159,29.179,29.352,29.746,29.768,30.173,30.423,30.545,30.782,30.955,31.124,31.230,31.516,31.476,32.015,32.626,33.264,33.327,33.646,33.967,34.476,35.755,36.015,36.356,36.618,36.516,36.926,37.201,37.167,37.335,38.069,38.538,39.151,39.160,39.595,39.682,39.830,40.097,40.441,40.416,40.706,41.181,41.350,41.444,41.359,41.641,41.778,42.908,43.499,44.320,44.587,44.211,44.418,44.243,43.649,43.359,43.453,42.678,42.759,43.706,44.134,44.027,44.919,45.609,45.958,46.442,46.411,46.408,46.638,47.640,47.843,48.212,48.586,49.212,49.430,49.334,49.912,50.175,50.151,49.472,49.350,49.543,49.981,50.203,50.315,50.507,50.600,50.513,50.729,51.250,51.415,52.021,52.812,53.456,53.591,54.763,54.805,55.226,55.564,55.997,56.458,56.961,57.683,58.196,58.317,58.792,58.869,59.318,59.367,59.439,60.080,60.558,60.976,61.611,61.890,61.984,62.606,63.315,63.233,63.302,63.405,62.769,62.798,63.167,63.273,62.730,63.663,63.931,64.312,64.957,65.022,65.539,66.187,66.648,67.540,68.074,68.661,69.390,69.639,69.981,70.230,70.592,71.049,71.962,72.474,73.061,73.500,73.532,74.708,75.231,75.771,76.692,77.248,78.304,79.757,80.514,80.884,82.533,81.809,83.432,83.983,84.790,84.286,84.682,85.072,85.791,86.151,86.210,86.354,87.389,88.095,88.801,90.441,90.960,91.657,92.026,92.685,93.630,94.511,95.257,95.612,96.952,97.945,98.144,98.706,100.079,100.418,100.206,100.521,100.439,99.661,99.815,98.358,97.420,97.384,96.800,97.108,97.418,97.937,98.474,98.842,99.578,99.909,99.697,99.358,99.334,100.060,99.946,99.996,99.998,101.328,101.221,101.884,102.779,103.019,104.012,104.880,106.017,106.974,107.549,108.631,108.960,109.984,110.891,111.075,111.114,112.201,113.346,113.841,115.227,115.549,116.337,117.109,117.861,118.823,120.353,121.270,121.043,123.143,118.223,126.508,126.296
"6","    Services",10.450,10.602,10.580,10.525,10.637,10.804,10.862,10.971,11.040,11.096,11.073,11.105,11.243,11.529,11.707,11.782,12.104,12.187,12.340,12.370,12.526,12.720,12.886,13.068,13.197,13.354,13.434,13.332,13.457,13.689,13.925,14.093,14.258,14.362,14.509,14.798,14.941,15.084,15.243,15.442,15.503,15.636,15.750,15.920,15.898,16.130,16.354,16.465,16.670,16.920,17.148,17.356,17.513,17.706,17.685,17.855,18.032,18.295,18.350,18.677,18.852,19.134,19.297,19.539,19.626,19.836,20.181,20.457,20.782,21.075,21.354,21.650,21.898,22.229,22.533,22.915,23.152,23.404,23.596,23.854,24.072,24.306,24.638,24.844,25.237,25.629,25.956,26.241,26.469,26.797,27.013,27.349,27.644,27.815,28.130,28.274,28.470,28.758,29.030,29.484,29.980,30.342,30.752,31.302,31.703,31.973,32.184,32.302,32.243,32.566,32.738,33.074,33.382,33.782,33.941,34.430,34.831,35.062,35.486,35.973,36.415,36.548,36.939,37.289,37.872,38.441,38.717,38.921,39.327,39.569,39.717,40.049,40.117,39.864,40.324,40.941,40.706,40.983,40.990,41.077,41.293,41.524,41.845,42.492,43.058,43.644,44.288,44.745,44.944,45.297,45.865,46.370,47.211,47.645,48.286,48.672,48.873,49.168,49.580,50.124,50.938,51.442,51.901,52.410,53.125,53.596,54.400,54.857,55.230,55.452,55.816,56.343,56.634,57.322,57.781,57.643,57.599,58.172,58.424,58.772,59.734,60.200,60.837,61.514,61.748,62.060,62.780,63.186,63.706,64.160,64.587,64.971,65.419,66.070,66.553,66.923,67.586,67.974,68.343,68.725,69.336,69.860,70.694,71.470,72.295,73.230,74.103,74.516,75.128,75.839,76.673,77.687,78.898,79.861,80.616,81.303,81.700,81.876,81.989,82.271,82.745,83.280,83.651,84.210,84.565,85.032,85.661,86.139,86.795,87.469,88.296,89.136,89.567,90.416,91.302,91.826,92.378,93.026,93.454,94.142,94.598,94.749,95.250,95.566,96.013,96.323,96.277,96.401,96.059,95.772,95.951,95.988,96.346,96.852,97.504,97.806,98.184,98.687,99.246,99.164,99.733,99.964,99.992,100.311,100.241,100.314,100.569,101.396,101.661,102.427,103.491,104.680,105.450,106.161,106.899,107.543,108.214,108.729,109.258,109.977,110.747,110.859,111.271,111.979,112.541,113.291,114.013,114.330,114.770,115.323,115.909,116.498,113.519,99.156,107.470,108.535
"7","Gross private domestic investment",8.319,7.681,7.455,8.898,9.811,10.418,10.525,10.022,8.525,7.392,8.005,7.611,9.418,10.426,11.322,12.760,11.457,11.722,10.859,9.994,10.255,9.481,9.990,10.709,10.940,11.002,10.772,9.994,9.922,9.898,10.376,10.831,11.913,12.638,12.832,13.129,12.754,12.654,12.541,12.424,12.232,12.219,12.499,11.538,10.760,10.543,11.352,12.320,12.991,14.002,13.098,13.524,14.884,13.496,13.462,11.971,12.281,13.142,14.164,14.398,15.174,15.055,15.310,14.862,15.644,15.893,16.383,16.582,17.202,17.140,17.540,17.707,19.395,19.446,20.123,20.256,21.875,21.551,21.392,21.517,20.989,20.230,20.823,21.272,21.699,22.529,21.914,22.153,23.457,23.319,23.792,22.644,21.968,22.016,22.374,21.186,23.656,24.328,24.623,23.960,25.539,26.989,27.372,27.544,29.158,30.401,29.299,30.342,28.610,28.496,27.019,27.183,22.804,22.125,23.840,24.506,26.870,27.934,28.031,28.241,29.549,31.668,33.270,32.436,33.068,35.216,36.242,37.080,37.141,37.108,36.483,35.836,35.591,32.564,30.415,33.250,36.328,34.822,36.785,35.489,32.132,32.108,31.814,29.354,30.372,33.061,35.131,38.549,42.274,43.649,44.594,44.015,42.808,43.538,43.241,44.834,44.821,44.039,42.854,42.982,44.142,44.165,44.172,47.182,44.917,45.987,46.242,46.948,48.541,48.072,47.640,47.287,47.757,47.771,46.845,44.225,42.753,42.753,43.600,45.146,44.312,46.818,47.190,48.629,49.776,50.062,49.722,52.335,54.329,57.000,56.069,58.376,58.989,57.764,57.420,58.846,59.791,62.663,65.510,65.424,66.745,70.829,71.820,72.892,76.070,75.600,77.544,79.937,82.132,82.184,84.439,86.701,86.092,91.188,90.294,90.466,86.362,86.485,84.614,80.423,82.796,84.156,84.032,83.980,84.626,85.210,88.315,91.290,91.471,95.125,96.601,98.616,101.389,100.040,101.362,104.657,106.211,105.526,105.119,103.079,102.370,103.499,102.455,101.194,98.531,96.745,94.805,85.685,75.783,71.414,71.251,77.839,79.610,83.788,87.524,87.246,85.601,89.103,89.398,96.288,98.299,100.562,101.019,100.120,103.853,105.015,109.078,109.474,108.259,112.828,115.136,115.261,119.282,119.641,119.399,117.963,117.244,116.221,116.261,119.390,119.019,120.115,122.341,124.219,127.490,127.139,130.272,131.526,132.786,130.827,131.427,130.192,127.165,108.698,127.000,134.371
"8","    Fixed investment",8.923,8.692,8.973,9.711,10.022,10.007,9.905,9.792,9.250,8.970,8.954,9.279,9.850,10.722,11.485,11.255,10.847,10.364,10.212,10.133,10.289,10.462,9.893,10.646,11.079,11.164,11.184,11.087,10.931,11.106,11.528,11.780,12.232,12.745,13.034,13.087,12.868,13.000,13.007,12.946,12.938,12.826,12.957,12.741,12.023,11.727,11.903,12.608,13.351,13.764,13.910,13.748,14.207,13.949,13.649,13.623,13.507,13.729,14.058,14.502,14.780,15.199,15.322,15.275,15.475,16.164,16.562,17.058,17.648,17.615,17.902,18.058,18.874,19.409,19.933,20.395,21.155,20.948,20.971,20.415,20.029,20.524,20.770,21.394,21.872,21.818,22.157,22.680,23.311,23.434,23.770,23.241,23.124,22.649,23.032,23.027,23.500,24.382,24.803,25.454,26.538,26.994,27.300,28.496,29.614,29.840,29.752,29.496,28.908,28.546,28.077,26.568,25.061,24.775,25.381,25.888,26.945,27.389,27.698,29.013,30.014,31.577,31.980,32.530,32.823,35.066,36.016,36.804,37.129,36.914,37.560,37.212,36.723,33.713,34.122,35.410,35.739,36.024,36.039,35.925,34.930,33.834,33.031,33.050,33.795,35.068,37.035,39.101,40.329,41.905,42.737,43.502,43.894,44.458,44.276,45.117,45.246,45.256,45.056,45.405,44.621,45.304,46.088,46.068,46.095,46.997,47.216,47.776,48.201,48.263,49.107,48.469,49.042,48.071,47.676,46.448,45.169,45.304,45.359,45.555,46.054,47.567,48.113,49.520,49.890,50.788,51.586,53.657,54.292,55.389,55.847,57.196,58.406,58.365,59.180,60.329,61.870,63.790,65.239,66.280,67.519,68.806,71.245,71.772,73.890,76.402,77.866,80.026,81.428,83.366,85.309,85.753,88.208,90.158,90.551,90.826,90.296,89.236,88.595,86.574,85.827,85.733,85.608,85.248,86.022,88.090,90.950,92.602,92.350,94.873,96.890,98.656,100.386,102.088,103.873,104.339,106.300,105.726,105.047,104.302,104.217,104.707,104.110,103.111,101.513,100.681,98.136,91.657,84.370,81.311,81.612,82.021,81.982,84.965,85.422,87.041,86.891,88.922,92.658,95.029,97.995,99.972,100.119,101.914,103.661,104.499,106.302,107.741,108.823,111.849,113.989,115.316,115.642,116.637,117.613,117.300,117.888,118.329,119.262,120.063,122.152,122.631,122.999,125.826,128.412,129.798,130.053,130.901,131.825,131.681,132.480,132.802,132.341,121.399,129.962,135.571
"9","        Nonresidential",6.065,5.971,5.861,6.024,6.374,6.161,6.176,6.320,6.030,5.806,5.540,5.472,5.630,6.100,6.605,6.595,6.423,6.500,6.576,6.468,6.531,6.635,6.118,6.660,7.021,7.091,7.249,7.183,6.994,6.931,7.108,7.099,7.220,7.650,8.030,8.270,8.168,8.315,8.398,8.399,8.443,8.426,8.597,8.398,7.865,7.574,7.495,7.776,8.019,8.249,8.471,8.448,8.741,8.869,8.714,8.693,8.570,8.760,8.846,9.115,9.298,9.550,9.668,9.632,9.655,9.955,10.228,10.527,10.747,10.999,11.353,11.595,12.333,12.787,13.252,13.790,14.368,14.604,14.797,14.797,14.557,14.522,14.497,14.789,15.224,15.038,15.244,15.660,16.060,16.235,16.605,16.518,16.401,16.294,16.351,15.790,15.920,16.137,16.208,16.540,17.067,17.345,17.599,18.442,19.216,19.930,20.237,20.389,20.368,20.333,20.126,19.597,18.479,18.035,18.227,18.445,18.840,19.090,19.507,19.884,20.609,21.178,21.601,22.258,22.453,24.193,25.014,25.822,26.416,26.390,27.170,27.244,27.541,26.268,26.440,26.993,27.541,28.102,28.754,29.424,28.809,27.911,27.109,26.641,26.243,26.607,27.728,29.404,30.339,31.753,32.728,33.498,33.873,34.358,33.967,34.582,34.239,33.545,33.160,33.480,32.689,33.348,34.275,34.231,34.505,35.277,35.498,35.992,36.569,37.063,38.006,37.622,38.104,37.608,37.875,37.279,36.532,36.348,36.035,36.014,35.873,37.033,37.600,38.585,38.968,39.734,40.054,41.499,41.938,42.591,43.319,45.009,46.672,47.120,47.420,48.339,49.564,50.884,52.485,53.817,55.067,56.210,58.683,59.058,60.975,63.035,64.032,65.900,67.360,69.148,71.128,71.444,74.062,76.375,77.206,77.496,76.802,75.213,74.323,72.188,70.457,69.662,69.436,68.501,68.841,70.745,72.245,73.153,72.430,74.241,76.363,77.931,79.062,80.340,82.015,82.649,85.421,86.915,88.405,89.342,90.951,92.969,94.428,95.884,96.265,96.460,94.659,89.147,82.431,79.923,79.457,79.987,80.545,83.187,85.439,87.100,86.982,89.230,93.409,95.794,98.241,100.448,100.111,101.200,102.507,102.784,104.539,106.679,108.174,111.080,113.324,114.017,113.880,114.400,114.815,113.893,113.568,114.241,115.570,115.994,117.658,118.352,118.963,121.613,125.159,127.065,127.893,129.459,130.789,130.801,131.406,131.293,129.043,119.212,125.512,129.628
"10","            Structures",28.558,28.407,28.600,28.189,28.774,29.575,30.459,30.895,30.314,29.604,28.295,27.518,28.830,30.284,32.037,32.858,32.965,34.084,33.877,32.575,32.614,32.849,33.123,34.392,35.427,36.107,36.308,36.949,37.325,37.584,37.502,37.343,38.500,39.455,40.764,41.772,43.069,44.603,44.886,44.779,44.393,44.362,44.369,44.117,43.290,41.855,40.899,41.531,41.385,42.666,43.935,43.601,45.420,45.959,46.046,47.799,47.582,46.789,46.816,46.570,47.444,49.173,50.469,49.247,47.534,49.787,50.132,51.156,52.481,54.258,56.038,56.483,59.380,63.519,64.187,67.141,68.734,67.409,68.910,66.567,67.259,65.347,66.038,66.144,67.434,66.859,66.424,67.781,68.828,69.376,72.646,72.138,71.570,70.838,71.097,70.264,70.089,69.909,69.658,69.475,71.290,71.688,71.846,72.990,75.375,77.730,79.488,78.759,78.317,77.998,74.618,73.718,69.931,67.303,67.687,67.736,69.566,69.357,70.061,70.280,70.039,72.658,73.757,74.289,74.146,81.397,86.766,90.395,89.890,91.191,95.443,98.366,99.886,97.694,98.181,101.068,101.008,104.814,107.457,115.363,111.696,108.056,102.100,99.781,95.710,91.167,93.299,95.896,101.347,106.435,109.793,110.929,115.629,115.565,113.171,114.582,111.717,101.190,97.581,98.177,95.880,97.007,101.049,102.968,99.083,101.142,99.776,99.526,101.128,99.985,103.487,102.850,105.111,104.596,104.216,99.524,97.390,94.732,88.572,86.750,85.627,85.641,86.431,87.582,86.419,84.974,85.181,87.774,85.010,88.551,87.940,89.157,91.642,93.852,94.153,93.349,95.078,97.155,98.335,103.567,104.171,103.210,107.546,108.132,107.301,113.135,112.972,112.757,112.537,111.433,111.449,112.690,115.177,120.080,124.362,124.835,121.419,122.170,123.147,111.543,105.735,99.999,95.307,94.048,93.462,95.989,95.651,95.849,93.931,94.541,96.099,96.167,97.471,97.071,96.650,97.648,101.299,104.433,106.404,106.442,110.419,116.553,122.145,125.272,125.832,127.916,127.140,124.208,114.985,106.156,98.933,90.553,84.497,86.927,85.666,87.302,80.892,86.511,91.650,94.805,99.291,101.654,100.496,98.558,96.388,99.235,104.241,105.160,108.856,112.704,113.082,114.919,113.688,114.529,110.925,106.490,102.585,104.483,108.583,110.225,112.328,112.135,108.942,110.212,115.729,117.148,115.383,111.567,113.787,114.249,115.251,113.704,112.635,101.681,96.924,97.644
"11","            Equipment",4.427,4.332,4.186,4.429,4.804,4.484,4.427,4.569,4.278,4.068,3.852,3.810,3.876,4.313,4.775,4.702,4.502,4.510,4.608,4.563,4.588,4.651,3.962,4.460,4.777,4.770,4.930,4.788,4.520,4.420,4.630,4.619,4.661,5.074,5.391,5.549,5.273,5.285,5.338,5.325,5.420,5.400,5.591,5.369,4.799,4.553,4.506,4.750,5.011,5.162,5.330,5.319,5.504,5.596,5.354,5.166,4.998,5.237,5.308,5.627,5.773,5.919,5.940,5.958,6.068,6.190,6.456,6.709,6.874,7.015,7.264,7.479,8.049,8.193,8.631,8.967,9.460,9.793,9.837,9.978,9.582,9.685,9.553,9.857,10.232,9.985,10.232,10.587,10.973,11.087,11.231,11.137,11.058,11.011,11.078,10.494,10.671,10.931,11.007,11.386,11.818,12.087,12.376,13.323,14.058,14.707,14.888,15.128,15.140,15.112,15.185,14.567,13.508,13.228,13.392,13.591,13.768,14.027,14.410,14.816,15.768,16.171,16.573,17.359,17.607,18.988,19.356,19.874,20.588,20.291,20.737,20.415,20.566,19.094,19.236,19.514,20.038,20.206,20.667,20.414,19.948,19.108,18.735,18.381,18.252,19.171,20.253,22.031,22.415,23.521,24.258,24.973,24.752,25.292,24.943,25.409,25.155,25.467,25.318,25.606,24.721,25.444,26.117,25.631,26.432,27.090,27.383,27.731,28.062,28.666,29.229,28.430,28.562,27.693,28.088,27.673,26.678,26.507,26.910,26.784,26.573,28.107,28.744,29.802,30.368,31.583,31.946,33.707,34.662,34.871,35.776,37.930,39.867,39.805,39.877,41.005,42.034,43.264,45.000,45.548,46.439,47.979,50.552,50.433,53.072,54.616,55.447,57.911,59.618,61.737,63.828,63.414,66.278,68.727,68.964,68.835,68.310,65.474,63.771,63.510,62.032,61.731,62.322,61.134,61.357,63.774,65.858,67.016,66.158,68.981,71.374,73.563,74.235,76.085,78.850,79.943,83.496,84.453,85.137,85.590,86.782,87.988,88.437,88.961,88.470,87.404,84.657,74.807,66.468,63.840,65.460,68.489,73.330,78.108,82.315,83.984,86.063,87.253,92.501,94.636,97.583,100.337,100.044,102.037,103.838,103.615,103.623,107.571,108.492,111.202,114.603,113.574,114.504,114.942,116.765,115.273,114.557,113.333,112.929,112.744,114.043,115.466,117.209,121.149,124.089,124.840,126.698,129.630,130.270,129.002,128.458,127.919,122.744,109.834,125.086,132.234
"12","            Intellectual property products",1.374,1.357,1.356,1.328,1.340,1.319,1.320,1.310,1.281,1.277,1.287,1.343,1.389,1.411,1.417,1.403,1.364,1.351,1.376,1.433,1.555,1.663,1.773,1.905,1.989,2.080,2.120,2.144,2.165,2.178,2.198,2.232,2.254,2.325,2.408,2.531,2.649,2.751,2.815,2.878,2.849,2.854,2.889,2.903,2.911,2.953,3.028,3.134,3.229,3.286,3.270,3.295,3.347,3.390,3.531,3.610,3.715,3.834,3.906,3.950,3.956,3.999,4.045,4.136,4.271,4.418,4.497,4.551,4.533,4.578,4.662,4.762,4.971,5.134,5.304,5.486,5.674,5.841,6.000,6.150,6.259,6.303,6.411,6.523,6.644,6.813,6.929,7.027,7.076,7.214,7.266,7.344,7.308,7.258,7.209,7.091,7.098,7.178,7.272,7.432,7.597,7.725,7.789,7.891,7.982,8.098,8.188,8.293,8.310,8.344,8.426,8.424,8.373,8.325,8.446,8.659,9.023,9.264,9.501,9.681,9.789,9.951,10.053,10.146,10.227,10.536,10.820,11.192,11.589,11.847,12.094,12.243,12.417,12.408,12.501,12.820,13.452,13.761,14.025,14.371,14.596,14.739,14.847,14.856,15.131,15.623,16.165,16.784,17.311,17.857,18.341,18.896,19.173,19.567,19.829,20.354,20.704,21.029,21.236,21.453,21.592,21.764,22.017,22.364,22.696,23.104,23.617,24.555,25.203,25.863,26.581,27.325,27.893,28.378,28.499,29.026,29.502,30.169,30.276,31.107,31.499,31.897,32.088,32.614,33.024,33.356,33.543,33.552,33.867,34.351,35.006,35.486,35.924,36.754,37.491,38.420,39.648,40.635,41.820,43.086,45.104,46.039,47.204,48.432,49.715,51.002,52.655,53.980,55.469,57.601,59.954,61.184,63.144,63.914,64.283,65.201,65.423,65.089,64.827,63.858,63.636,64.294,64.749,64.453,65.413,66.053,67.382,68.173,68.300,68.954,70.817,72.088,73.834,75.064,76.117,75.793,76.734,78.059,80.528,82.827,83.530,84.093,84.383,86.167,87.775,88.631,87.599,86.977,84.601,86.722,87.611,90.274,88.751,88.309,90.021,91.707,92.639,94.156,96.065,98.266,98.470,99.729,99.921,101.880,105.017,104.155,106.118,106.471,107.132,109.585,111.551,113.864,113.021,113.405,114.932,117.630,120.744,123.222,124.857,125.177,126.985,127.319,129.385,131.293,134.101,138.055,139.538,143.589,145.177,146.645,148.550,150.247,151.146,146.643,149.628,152.349
"13","        Residential",27.629,26.248,30.261,36.094,35.623,37.686,36.489,33.815,31.322,30.798,33.431,37.506,41.692,45.688,48.183,45.938,43.560,37.741,35.359,35.699,36.634,37.314,36.952,38.948,39.576,39.707,38.221,37.910,38.325,40.824,43.310,46.020,49.404,50.114,49.047,46.989,45.788,45.551,44.690,44.024,43.420,42.392,41.833,41.779,40.136,40.280,43.183,47.678,53.060,54.912,53.885,52.359,53.967,49.548,48.068,48.018,48.213,48.405,51.045,52.783,53.702,55.366,55.322,55.235,57.185,61.285,62.457,64.418,68.376,64.974,63.934,62.799,63.108,63.659,63.960,62.707,64.279,59.279,57.310,51.298,49.886,55.637,58.596,61.990,62.173,63.690,64.978,65.878,68.090,67.452,66.917,62.317,62.353,58.537,61.913,68.152,71.690,78.568,82.180,85.345,90.914,92.637,93.046,96.334,99.551,94.392,90.344,86.248,80.640,77.385,74.793,65.055,61.384,63.114,67.273,70.155,76.807,78.701,77.472,86.848,89.432,99.245,98.949,97.777,98.689,103.411,104.604,104.406,101.871,100.074,98.854,94.902,87.600,71.357,73.549,80.409,78.443,75.944,70.049,62.735,59.116,57.206,57.150,61.677,72.281,80.698,88.577,92.317,95.082,96.743,95.613,95.707,95.934,96.746,98.548,100.697,104.786,110.805,112.321,112.625,112.432,112.819,111.886,112.070,110.074,111.436,111.502,112.223,111.138,107.654,107.156,104.879,105.807,101.636,96.171,90.622,85.847,88.489,91.481,93.290,98.626,102.001,102.044,105.940,106.013,107.427,111.447,117.162,118.911,122.758,120.950,119.089,116.383,112.796,116.972,119.245,122.348,127.682,127.415,125.967,126.611,128.382,129.627,130.995,133.709,138.344,142.389,145.732,146.293,148.571,149.688,150.780,151.529,150.751,148.406,148.559,149.200,151.513,152.457,151.479,156.445,160.326,160.796,163.688,166.703,169.359,179.065,184.395,186.538,192.453,193.825,196.499,201.138,204.852,207.097,206.690,204.754,194.509,183.740,175.191,167.297,160.705,150.490,137.977,127.000,121.247,115.096,103.894,93.819,88.052,92.143,91.952,88.987,93.610,85.315,86.726,86.433,87.413,88.988,91.296,96.819,97.649,100.157,105.375,109.200,112.682,114.698,112.896,112.107,115.697,117.388,121.558,123.950,127.055,130.481,132.780,137.255,136.690,135.960,138.332,142.214,141.832,141.220,144.787,143.587,142.961,140.996,139.113,138.513,137.777,139.334,141.319,147.593,132.234,149.411,160.616
"14","    Change in private inventories","---","---","---","---","---","---","---","---","---","---","---","---","---","---","---","---","---","---","---","---","---","---","---","---","---","---","---","---","---","---","---","---","---","---","---","---","---","---","---","---","---","---","---","---","---","---","---","---","---","---","---","---","---","---","---","---","---","---","---","---","---","---","---","---","---","---","---","---","---","---","---","---","---","---","---","---","---","---","---","---","---","---","---","---","---","---","---","---","---","---","---","---","---","---","---","---","---","---","---","---","---","---","---","---","---","---","---","---","---","---","---","---","---","---","---","---","---","---","---","---","---","---","---","---","---","---","---","---","---","---","---","---","---","---","---","---","---","---","---","---","---","---","---","---","---","---","---","---","---","---","---","---","---","---","---","---","---","---","---","---","---","---","---","---","---","---","---","---","---","---","---","---","---","---","---","---","---","---","---","---","---","---","---","---","---","---","---","---","---","---","---","---","---","---","---","---","---","---","---","---","---","---","---","---","---","---","---","---","---","---","---","---","---","---","---","---","---","---","---","---","---","---","---","---","---","---","---","---","---","---","---","---","---","---","---","---","---","---","---","---","---","---","---","---","---","---","---","---","---","---","---","---","---","---","---","---","---","---","---","---","---","---","---","---","---","---","---","---","---","---","---","---","---","---","---","---","---","---","---","---","---","---","---","---","---","---","---","---","---","---","---","---","---","---","---","---"
"15","Net exports of goods and services","---","---","---","---","---","---","---","---","---","---","---","---","---","---","---","---","---","---","---","---","---","---","---","---","---","---","---","---","---","---","---","---","---","---","---","---","---","---","---","---","---","---","---","---","---","---","---","---","---","---","---","---","---","---","---","---","---","---","---","---","---","---","---","---","---","---","---","---","---","---","---","---","---","---","---","---","---","---","---","---","---","---","---","---","---","---","---","---","---","---","---","---","---","---","---","---","---","---","---","---","---","---","---","---","---","---","---","---","---","---","---","---","---","---","---","---","---","---","---","---","---","---","---","---","---","---","---","---","---","---","---","---","---","---","---","---","---","---","---","---","---","---","---","---","---","---","---","---","---","---","---","---","---","---","---","---","---","---","---","---","---","---","---","---","---","---","---","---","---","---","---","---","---","---","---","---","---","---","---","---","---","---","---","---","---","---","---","---","---","---","---","---","---","---","---","---","---","---","---","---","---","---","---","---","---","---","---","---","---","---","---","---","---","---","---","---","---","---","---","---","---","---","---","---","---","---","---","---","---","---","---","---","---","---","---","---","---","---","---","---","---","---","---","---","---","---","---","---","---","---","---","---","---","---","---","---","---","---","---","---","---","---","---","---","---","---","---","---","---","---","---","---","---","---","---","---","---","---","---","---","---","---","---","---","---","---","---","---","---","---","---","---","---","---","---","---"
"16","    Exports",4.461,4.405,4.181,3.708,3.539,3.208,3.283,3.167,3.546,3.516,3.222,2.790,2.744,2.777,2.849,3.080,3.234,3.552,3.639,3.605,3.797,3.379,3.112,3.134,3.081,3.100,3.224,3.118,2.978,3.406,3.297,3.448,3.577,3.493,3.722,3.739,3.917,4.181,4.320,4.513,4.807,4.665,4.535,4.399,3.963,3.982,3.994,3.979,4.268,4.234,4.642,4.412,4.981,5.124,5.235,5.263,5.227,4.984,5.209,5.294,5.263,5.565,5.555,5.376,5.457,5.894,5.864,6.093,6.401,6.375,6.575,6.707,5.927,6.919,6.765,7.178,7.002,7.212,7.126,7.303,7.393,7.294,7.236,7.372,7.579,7.706,8.254,8.071,7.133,8.696,8.550,8.774,8.890,9.234,9.271,9.290,9.375,9.306,9.771,8.869,9.877,9.589,10.167,10.597,11.372,11.920,11.960,12.548,12.711,13.331,12.613,12.942,13.032,12.653,12.439,13.142,13.052,13.183,13.566,13.704,13.483,13.847,13.954,13.507,13.826,15.267,15.435,16.047,16.060,16.102,16.681,17.731,18.226,18.569,18.530,18.417,18.764,18.865,18.463,18.548,17.743,17.849,17.057,16.276,16.538,16.588,16.837,17.176,17.534,17.970,18.367,18.741,18.791,18.750,18.477,19.028,19.624,19.835,20.289,21.047,21.066,21.934,22.886,23.740,25.058,25.760,26.268,27.070,27.878,29.099,29.396,29.841,31.137,31.524,31.763,32.043,32.238,33.414,34.205,34.975,35.607,35.624,36.379,36.563,36.646,37.085,36.986,38.178,38.552,39.853,41.345,42.299,43.115,43.719,45.611,46.262,46.819,47.580,47.964,50.954,51.923,53.998,55.249,55.172,55.430,54.819,54.564,56.583,56.510,57.047,58.709,60.158,61.024,62.758,64.290,63.746,62.802,60.732,57.773,55.944,57.173,58.771,59.076,58.111,58.170,58.083,59.699,62.267,63.963,64.948,65.441,66.899,68.464,69.685,69.853,71.871,74.602,76.060,76.085,79.272,80.380,81.615,84.066,86.588,87.324,90.115,89.499,84.535,77.705,77.940,80.773,85.542,86.827,88.880,91.342,93.992,94.790,96.326,97.347,98.352,98.962,100.041,100.562,100.434,101.580,102.801,103.445,106.475,105.723,108.009,108.491,109.538,108.706,108.979,108.035,107.861,107.604,108.001,109.828,109.428,111.625,111.894,112.627,115.742,116.515,117.066,115.501,116.315,116.846,115.523,115.757,116.728,113.865,87.958,98.870,103.911
"17","        Goods",4.835,4.700,4.441,3.891,3.730,3.355,3.442,3.304,3.740,3.686,3.392,2.928,2.836,2.869,2.964,3.210,3.341,3.673,3.759,3.692,3.898,3.423,3.175,3.224,3.108,3.163,3.319,3.199,3.018,3.559,3.376,3.562,3.702,3.586,3.819,3.830,4.037,4.317,4.480,4.682,5.007,4.845,4.678,4.373,4.039,3.997,4.023,3.976,3.759,3.866,4.248,4.051,4.697,4.926,5.013,5.021,5.054,4.708,4.953,5.041,4.980,5.305,5.314,5.037,5.055,5.580,5.679,5.949,6.220,6.217,6.392,6.527,5.577,6.627,6.429,6.974,6.908,6.801,6.830,6.980,6.953,6.934,6.816,6.947,7.182,7.293,7.797,7.615,6.587,8.333,8.120,8.402,8.529,8.765,8.781,8.891,8.751,8.735,9.333,8.112,9.412,9.208,9.718,10.396,11.321,11.995,11.982,12.914,12.958,13.586,12.786,13.009,12.988,12.353,12.584,13.325,13.175,13.261,13.609,13.842,13.580,13.931,13.994,13.414,13.628,15.414,15.490,16.097,16.060,16.106,16.837,18.039,18.726,18.990,18.840,18.727,18.865,18.948,18.440,18.546,17.643,17.847,16.899,16.060,16.372,16.262,16.563,17.023,17.046,17.382,18.006,18.479,18.447,18.321,18.063,18.581,18.595,19.021,19.365,20.362,20.228,21.200,22.267,23.105,24.596,25.300,25.689,26.649,27.198,28.661,28.896,29.168,30.548,30.850,31.145,31.139,31.922,32.609,33.358,34.095,34.899,34.880,35.938,36.204,36.045,36.509,36.224,37.750,37.771,39.248,41.295,42.246,43.314,43.886,45.745,46.304,47.177,47.758,48.771,51.487,53.081,55.783,57.321,57.276,57.621,56.055,56.089,58.557,57.609,58.426,59.948,61.876,63.035,64.905,67.243,66.293,65.284,62.641,59.170,57.825,57.901,59.839,60.232,58.781,59.518,59.579,60.949,63.661,64.690,65.893,66.658,67.818,69.144,71.302,71.389,73.511,76.719,78.011,78.303,80.599,81.425,82.581,84.810,86.648,88.292,91.240,91.365,84.111,75.342,74.932,78.591,84.044,86.481,88.964,90.965,93.401,94.429,95.724,96.527,98.522,99.042,100.224,100.858,99.875,100.636,102.250,102.900,106.943,105.094,107.887,108.973,109.898,107.748,108.481,107.350,106.740,107.294,107.040,108.887,109.424,111.425,110.965,111.721,116.090,116.460,118.849,116.267,117.501,118.622,115.833,116.709,117.430,116.619,88.537,105.845,113.250
"18","        Services",2.833,3.072,3.005,2.868,2.664,2.530,2.554,2.532,2.669,2.734,2.452,2.155,2.285,2.319,2.302,2.465,2.704,2.953,3.040,3.145,3.271,3.094,2.763,2.679,2.861,2.745,2.748,2.696,2.715,2.711,2.874,2.894,2.975,3.015,3.221,3.258,3.320,3.511,3.558,3.715,3.884,3.823,3.831,4.321,3.528,3.767,3.727,3.838,6.033,5.443,5.925,5.583,5.848,5.670,5.870,5.970,5.676,5.827,5.968,6.036,6.117,6.330,6.252,6.426,6.733,6.838,6.350,6.429,6.861,6.754,7.035,7.154,7.006,7.757,7.767,7.692,7.118,8.476,7.968,8.241,8.762,8.370,8.535,8.686,8.785,8.966,9.655,9.472,8.886,9.749,9.845,9.848,9.917,10.648,10.761,10.453,11.349,11.091,11.072,11.299,11.294,10.723,11.509,11.106,11.356,11.443,11.669,10.945,11.552,12.114,11.728,12.491,13.052,13.772,11.674,12.213,12.374,12.694,13.222,12.965,12.920,13.330,13.615,13.702,14.429,14.486,15.012,15.641,15.856,15.885,15.826,16.233,15.947,16.608,17.013,16.903,18.085,18.257,18.282,18.282,17.869,17.601,17.405,16.846,16.931,17.547,17.605,17.497,19.055,19.843,19.423,19.452,19.793,20.049,19.729,20.385,22.797,22.343,23.131,23.165,23.648,24.201,24.801,25.702,26.479,27.172,28.054,28.348,29.984,30.434,30.929,31.908,32.952,33.598,33.669,34.784,33.287,35.871,36.779,37.641,37.787,37.897,37.829,37.793,38.531,38.909,39.308,39.623,40.938,41.778,41.801,42.773,42.914,43.611,45.604,46.504,46.228,47.461,46.226,49.918,49.324,49.851,50.400,50.246,50.301,51.998,51.053,52.012,54.000,53.878,55.866,56.195,56.379,57.798,57.460,57.854,57.060,56.329,54.564,51.598,55.520,56.326,56.432,56.593,55.084,54.660,56.836,59.079,62.291,62.780,62.656,64.787,66.894,65.993,66.341,68.125,69.786,71.614,71.038,76.233,77.972,79.386,82.336,86.404,85.067,87.513,85.200,85.488,82.963,84.648,85.666,88.919,87.625,88.711,92.196,95.328,95.605,97.708,99.240,97.961,98.786,99.630,99.892,101.692,103.691,104.026,104.650,105.454,107.093,108.287,107.486,108.805,110.689,110.050,109.482,110.157,108.345,109.956,111.744,109.589,112.160,113.793,114.487,115.255,116.787,113.870,114.230,114.260,113.698,115.074,114.142,115.569,109.017,86.914,86.798,87.724
"19","    Imports",2.184,2.226,1.974,2.081,2.346,2.439,2.566,2.525,2.449,2.413,2.315,2.350,2.416,2.549,3.145,3.151,3.151,3.047,2.789,2.716,3.031,3.015,3.200,3.487,3.401,3.577,3.564,3.388,3.193,3.480,3.270,3.301,3.496,3.694,3.756,3.893,4.056,4.035,4.070,3.883,4.192,4.225,4.143,4.158,4.219,4.400,4.333,4.560,4.677,4.904,4.950,4.824,5.007,5.044,4.896,4.665,4.642,4.699,5.010,5.129,5.285,5.400,5.469,5.536,5.408,5.535,5.675,5.657,5.652,5.779,5.934,6.094,5.875,6.568,6.595,6.917,7.095,7.272,7.680,7.766,7.887,7.825,7.927,8.345,8.837,8.972,9.511,9.431,8.541,10.227,10.094,9.983,9.950,10.147,10.124,10.281,10.160,10.926,11.168,10.411,11.932,11.508,11.748,12.277,12.844,12.474,12.129,12.220,11.805,12.431,12.214,12.092,10.879,10.008,10.840,11.419,12.135,12.660,13.177,13.613,14.257,14.389,14.188,14.389,15.355,15.404,15.605,15.819,15.776,15.861,15.619,15.960,15.971,14.811,13.745,14.482,15.100,15.123,14.949,15.377,14.938,14.694,15.375,14.772,15.110,16.272,17.540,18.400,19.879,20.712,21.248,21.871,21.389,22.440,22.223,23.092,23.069,24.051,24.717,24.909,24.763,25.383,25.878,26.473,26.348,26.044,26.659,27.471,27.599,27.730,27.692,28.193,29.087,29.038,28.921,28.145,27.825,28.319,29.116,29.759,29.976,30.468,30.949,31.689,32.376,33.044,33.480,34.825,35.636,36.964,38.003,39.072,39.930,40.309,40.448,40.964,42.296,43.243,44.645,45.525,47.470,49.063,50.871,51.968,53.917,55.153,55.898,57.709,59.202,60.873,63.119,64.641,67.173,69.259,71.675,71.661,70.516,68.360,66.996,66.056,68.001,70.290,71.175,72.351,71.983,73.001,74.208,76.484,78.934,82.147,83.238,85.059,85.877,87.021,87.593,90.392,92.313,93.320,94.197,94.319,95.448,96.047,96.437,95.562,95.861,94.997,93.773,90.325,81.399,78.016,81.270,85.213,87.271,91.316,94.664,95.430,96.050,96.620,97.721,99.068,99.607,100.097,100.633,99.664,99.955,101.399,102.130,102.689,103.853,106.492,106.766,109.361,111.078,111.759,112.729,112.979,112.864,112.781,114.203,116.102,117.338,118.372,118.883,122.586,122.692,122.666,125.053,126.313,125.651,126.197,126.340,123.896,118.960,97.921,115.424,123.127
"20","        Goods",2.016,2.062,1.785,1.809,2.113,2.196,2.244,2.237,2.177,2.107,2.048,2.115,2.162,2.293,2.957,2.904,2.851,2.726,2.354,2.181,2.471,2.497,2.587,2.760,2.711,2.868,2.784,2.550,2.453,2.697,2.473,2.455,2.719,2.746,2.754,3.032,3.154,3.048,3.013,3.041,3.109,3.151,3.099,3.252,3.112,3.178,3.214,3.461,3.651,3.879,3.914,3.772,3.851,3.904,3.694,3.518,3.481,3.540,3.915,4.010,4.155,4.285,4.362,4.355,4.298,4.445,4.560,4.549,4.513,4.669,4.844,5.005,4.775,5.526,5.575,5.849,6.002,6.095,6.488,6.565,6.586,6.395,6.447,7.047,7.611,7.798,8.336,8.199,7.144,9.047,8.863,8.638,8.653,8.723,8.696,8.940,8.896,9.754,10.098,9.201,10.814,10.304,10.744,11.248,11.832,11.532,11.353,11.437,10.895,11.525,11.326,11.124,9.827,8.987,9.922,10.480,11.230,11.791,12.312,12.751,13.445,13.544,13.381,13.573,14.517,14.578,14.749,14.939,14.911,15.005,14.751,15.126,15.145,13.931,12.772,13.494,14.067,14.074,13.940,14.393,13.853,13.465,14.240,13.486,13.890,15.047,16.336,17.250,18.515,19.272,19.676,20.186,19.555,20.707,20.633,21.612,21.442,22.799,23.277,23.431,23.061,23.525,24.091,24.516,24.439,24.196,24.796,25.618,25.695,25.802,25.642,26.174,26.952,26.851,26.658,25.861,25.701,26.128,27.162,27.812,28.210,28.907,29.495,30.259,31.078,31.783,32.186,33.520,34.346,35.866,37.108,38.416,39.156,39.697,39.782,40.229,41.660,42.708,44.156,45.230,47.178,48.972,50.753,51.890,53.802,55.065,55.705,57.773,59.604,61.674,64.069,65.626,68.189,70.109,72.489,72.714,71.366,68.589,67.289,66.730,67.950,70.889,72.163,72.993,72.971,74.708,75.201,77.633,80.079,83.400,84.680,86.728,87.798,88.910,89.348,92.383,93.887,95.039,96.288,95.576,96.901,97.395,97.690,96.654,96.549,95.610,93.928,89.479,79.577,75.518,79.246,83.743,86.250,90.989,94.574,95.396,96.497,96.586,97.539,99.140,99.663,100.090,100.654,99.593,100.036,101.596,102.399,103.016,104.445,107.305,107.589,110.348,112.666,113.309,114.162,113.853,113.844,113.866,115.122,117.354,118.501,119.301,119.657,124.360,124.818,124.790,127.534,128.528,127.664,127.705,127.941,124.805,121.078,102.024,122.851,131.390
"21","        Services",2.933,2.958,2.842,3.371,3.417,3.558,4.085,3.870,3.714,3.852,3.565,3.439,3.603,3.738,3.920,4.235,4.522,4.536,5.034,5.622,6.029,5.759,6.491,7.433,7.137,7.408,7.813,8.020,7.255,7.760,7.678,8.011,7.739,8.971,9.363,8.588,8.979,9.495,9.964,8.461,10.229,10.196,9.941,9.085,10.377,11.233,10.565,10.654,10.322,10.499,10.591,10.578,11.377,11.314,11.552,11.016,11.077,11.109,11.023,11.278,11.491,11.518,11.538,12.017,11.494,11.515,11.789,11.731,11.899,11.866,11.906,12.058,11.896,12.280,12.185,12.772,13.089,13.720,14.215,14.350,15.016,15.639,16.015,15.471,15.584,15.445,16.002,16.226,16.197,16.755,16.897,17.398,17.101,17.994,17.991,17.667,17.127,17.413,17.118,17.080,18.147,18.187,17.324,17.995,18.479,17.721,16.457,16.579,16.956,17.481,17.131,17.590,17.121,16.123,16.128,16.788,17.204,17.428,17.863,18.231,18.468,18.811,18.362,18.610,19.627,19.590,19.980,20.347,20.209,20.225,20.088,20.116,20.048,19.471,19.292,20.029,20.913,21.059,20.609,20.796,21.199,22.080,21.964,22.572,22.366,23.422,24.376,24.746,27.640,28.935,30.383,31.752,32.424,32.582,31.352,31.385,32.375,30.903,32.734,33.159,34.470,36.090,36.073,37.768,37.334,36.649,37.313,37.999,38.449,38.731,39.546,39.803,41.426,41.724,42.100,41.500,40.141,41.035,40.329,40.905,40.008,39.253,39.083,39.681,39.569,40.018,40.632,42.024,42.736,42.925,42.770,42.448,43.984,43.418,43.862,44.765,45.511,45.875,47.009,46.834,48.749,49.271,51.214,52.097,54.233,55.320,56.587,57.095,56.906,56.615,58.104,59.446,61.803,64.728,67.322,66.042,65.948,67.008,65.315,62.464,67.990,67.037,66.007,68.891,66.871,64.465,69.000,70.551,73.007,75.694,75.884,76.620,76.240,77.521,78.732,80.356,84.328,84.614,83.678,87.845,88.042,89.143,89.976,89.865,92.141,91.643,92.813,94.421,90.031,89.726,90.869,92.249,92.197,92.917,95.143,95.623,93.845,96.789,98.622,98.679,99.312,100.134,100.534,100.020,99.552,100.422,100.802,101.081,100.973,102.563,102.800,104.651,103.760,104.631,106.103,108.671,108.108,107.580,109.658,110.183,111.779,113.764,114.896,114.538,113.199,113.178,114.106,116.430,116.592,119.141,118.920,119.199,109.613,81.158,85.795,90.213
"22","Government consumption expenditures and gross investment",16.706,16.692,16.689,16.554,16.800,17.393,17.756,18.410,18.898,19.719,19.823,19.476,19.115,19.464,19.149,20.502,22.684,25.708,28.534,30.043,30.937,31.991,32.315,32.853,33.894,34.589,34.222,34.137,33.249,32.124,31.429,31.240,31.258,30.951,31.149,30.531,30.523,31.140,30.866,31.651,32.330,32.163,32.437,32.970,32.685,33.501,33.693,34.372,34.023,34.444,34.739,34.455,33.867,34.247,35.085,35.328,35.853,35.942,36.710,37.515,38.239,38.432,39.319,39.591,39.054,39.082,40.816,40.394,40.520,40.884,40.932,40.915,40.868,41.351,42.723,43.533,44.344,45.182,46.413,47.215,49.209,49.005,49.550,49.926,50.819,51.083,51.236,51.282,51.398,51.238,51.342,50.651,50.408,49.822,50.032,50.056,49.324,49.210,49.185,48.839,49.109,49.306,48.367,48.767,49.187,48.841,48.266,48.628,49.507,49.755,49.854,50.093,50.638,50.210,51.148,51.596,51.677,51.102,50.953,50.922,51.354,51.824,52.032,51.908,51.922,53.224,53.715,54.199,53.663,54.186,54.344,54.702,55.505,55.614,54.857,54.845,55.579,55.686,55.494,56.199,56.136,56.350,56.802,57.677,58.232,58.711,59.725,58.769,59.392,60.682,61.173,62.458,63.138,64.539,66.010,66.282,66.806,68.199,69.684,69.396,69.803,70.344,70.418,71.474,70.878,71.089,71.098,72.477,72.159,73.269,73.928,74.299,75.487,75.606,75.726,76.232,76.687,76.999,76.783,76.221,76.897,76.748,77.237,77.228,76.270,76.277,76.385,76.655,75.707,76.081,77.364,76.691,76.959,77.217,77.015,76.209,76.712,77.667,77.667,78.203,77.796,78.804,79.169,79.567,79.282,80.669,81.277,81.757,82.312,82.622,83.624,84.930,84.328,85.153,84.784,85.294,86.604,88.112,88.025,89.479,91.027,91.726,92.216,92.927,93.036,93.916,94.136,94.709,95.136,95.390,95.564,95.512,95.989,95.934,96.251,96.326,97.549,97.520,97.381,98.180,98.325,99.218,99.666,100.438,100.660,101.515,102.310,102.980,104.117,105.615,105.894,106.090,105.681,106.042,105.320,104.662,103.386,102.689,101.226,101.154,100.719,100.192,100.038,99.051,98.163,97.990,97.463,96.697,96.297,96.418,97.063,97.016,97.514,98.342,98.784,99.140,100.057,99.897,100.362,100.624,100.634,101.020,101.071,101.779,102.146,102.877,103.520,103.289,103.922,105.204,105.760,106.390,106.721,107.387,106.063,105.730
"23","    Federal",20.588,20.418,20.158,19.711,20.206,21.010,21.493,22.460,22.859,23.678,23.280,22.321,21.259,21.791,21.166,23.791,28.197,33.829,39.308,42.313,44.055,45.792,46.928,47.604,49.294,50.711,49.488,48.862,46.416,44.098,42.165,41.698,40.895,40.025,40.447,39.100,38.859,39.806,39.157,40.492,41.287,40.770,40.985,41.469,40.240,41.506,41.366,42.269,41.425,42.192,42.755,42.329,40.739,40.835,42.093,42.258,42.399,42.773,44.059,44.879,46.544,46.729,48.129,48.352,46.713,46.504,49.132,47.852,47.619,47.592,47.325,46.934,46.531,46.608,48.335,49.415,50.589,51.976,54.000,54.607,58.142,57.506,58.457,58.491,59.518,59.194,58.857,58.574,58.387,57.659,57.767,56.453,55.501,54.040,53.374,53.174,51.465,50.864,50.645,49.311,49.723,50.208,47.907,48.031,48.651,47.869,46.175,46.280,47.395,47.232,47.535,48.006,47.500,47.028,48.242,48.402,47.922,47.758,47.830,47.934,48.262,48.875,49.363,49.021,49.056,50.004,50.331,50.757,50.682,51.196,51.314,51.370,52.741,53.784,53.164,53.433,54.481,55.878,55.650,56.648,56.686,56.920,57.857,59.221,60.155,61.276,62.858,60.826,61.342,63.200,63.142,65.166,65.762,67.494,69.503,69.544,69.348,71.594,74.074,73.207,73.683,74.685,74.582,75.840,73.666,73.116,72.766,74.781,73.414,74.908,75.525,75.174,76.424,76.523,76.187,76.280,77.151,77.467,76.443,74.531,74.806,74.613,75.662,75.717,73.240,72.471,72.199,72.322,69.796,69.501,71.183,69.309,69.114,68.884,68.331,66.003,67.306,67.943,67.044,66.719,65.777,67.234,66.949,66.844,65.180,66.450,66.197,66.613,66.563,66.491,67.551,68.932,66.665,68.724,67.390,67.540,68.982,69.989,70.407,71.251,73.599,75.031,75.766,77.052,77.898,80.580,80.555,82.053,82.955,83.450,84.377,84.227,85.163,85.075,85.727,85.754,87.977,87.372,86.585,87.846,87.324,88.754,89.521,91.007,92.375,94.329,95.511,96.718,97.946,100.242,101.146,102.676,103.854,105.235,104.788,104.640,103.200,102.830,100.612,101.000,101.003,100.197,100.404,98.396,96.142,95.360,93.978,92.359,92.260,91.709,92.733,91.368,91.751,91.925,91.838,92.532,92.854,92.151,92.556,92.588,92.213,92.710,92.597,93.737,94.183,95.006,96.056,96.507,96.831,98.992,100.154,101.133,101.524,105.462,103.777,103.635
"24","        National defense",28.009,26.052,26.753,27.332,27.020,26.415,26.215,27.201,27.777,28.216,28.111,26.491,25.526,25.737,27.287,31.220,39.089,47.746,56.906,61.672,63.625,66.937,68.409,69.511,71.483,72.041,71.278,70.022,65.689,63.046,60.214,58.289,58.158,56.211,56.821,55.155,54.953,56.314,56.153,57.861,58.385,58.863,59.405,58.720,58.279,58.929,58.923,59.354,57.500,56.731,57.654,57.184,56.385,56.004,57.758,57.179,58.700,58.478,60.283,61.414,63.624,63.012,64.084,64.128,61.815,61.447,63.907,62.163,61.222,60.466,60.333,59.478,58.444,58.177,59.950,61.663,63.802,65.192,69.094,70.872,74.897,75.011,76.741,76.045,77.744,77.672,76.351,75.710,75.080,73.662,73.658,72.257,70.447,67.467,66.517,66.051,63.322,61.169,60.004,58.470,57.894,58.389,54.799,55.050,55.814,54.684,51.922,52.290,53.162,53.725,52.733,52.937,52.450,51.421,53.328,53.222,52.495,52.251,52.317,52.130,52.607,53.064,53.350,52.175,52.309,53.128,53.395,53.696,53.750,54.551,54.581,54.981,56.280,56.142,56.257,57.040,58.315,59.737,60.004,61.568,62.200,63.357,64.685,66.066,66.702,68.130,68.818,70.363,70.610,71.460,71.374,74.291,74.779,77.036,79.873,80.394,79.974,83.155,86.295,84.161,85.556,87.415,88.403,88.655,87.326,86.840,86.163,87.926,85.522,87.006,87.878,86.759,87.780,87.260,86.269,86.787,88.071,88.110,86.255,82.549,82.097,81.700,83.092,82.216,78.985,77.941,77.572,77.784,74.010,73.983,76.336,72.579,72.433,72.306,71.282,68.931,70.267,71.093,69.871,69.114,66.961,68.874,68.209,68.585,65.018,66.907,68.055,66.946,66.616,66.472,68.062,69.542,65.948,68.383,66.624,67.261,68.188,68.964,69.430,70.454,72.880,74.102,74.649,76.161,77.415,81.046,80.650,82.971,84.167,84.534,86.356,85.286,86.788,87.043,87.468,86.809,88.739,88.613,86.826,89.474,88.735,90.735,91.307,92.947,94.471,96.177,98.365,99.841,100.147,102.729,103.513,104.684,105.267,106.015,105.806,106.075,104.132,104.569,103.141,102.251,101.589,100.346,100.601,97.463,95.083,94.476,92.540,91.085,89.954,89.386,90.524,88.014,87.784,87.858,87.011,87.691,87.732,86.514,87.272,87.082,86.691,88.050,87.715,89.009,88.902,90.137,91.320,92.748,94.021,95.034,96.347,97.900,97.834,98.751,99.525,100.753
"25","        Nondefense",8.921,11.973,10.143,8.141,9.837,12.953,14.596,15.580,15.704,17.189,16.309,16.418,15.179,16.256,11.940,12.451,11.262,12.207,11.938,12.207,13.612,12.889,13.491,13.504,14.748,17.431,15.558,15.886,16.335,14.556,14.023,15.790,13.978,14.754,14.886,14.043,13.746,14.053,12.609,13.368,14.620,12.477,12.177,14.554,12.059,14.316,13.950,15.599,16.318,19.465,19.474,19.119,16.278,17.134,17.622,18.941,16.942,18.227,18.702,19.035,19.847,21.245,23.131,23.622,23.035,23.070,25.915,25.359,26.212,27.290,26.826,27.143,27.699,28.296,29.929,30.033,29.719,31.083,30.214,29.018,31.749,29.975,29.715,30.875,30.857,30.150,31.325,31.593,32.089,32.425,32.705,31.544,31.915,32.776,32.553,32.759,32.622,34.378,35.593,34.584,36.534,37.004,36.770,36.692,37.083,36.858,36.897,36.572,38.086,36.740,39.153,40.058,39.517,39.943,40.039,40.627,40.547,40.513,40.598,41.173,41.256,42.129,42.949,43.977,43.849,45.021,45.452,46.088,45.798,45.833,46.100,45.571,47.071,50.141,48.258,47.647,48.313,49.680,48.595,48.621,47.623,46.246,46.509,47.861,49.333,49.929,53.107,44.696,45.698,49.371,49.362,49.816,50.611,51.438,52.019,51.214,51.411,52.049,53.407,54.718,53.610,53.136,51.146,54.150,50.507,49.843,50.054,52.517,52.930,54.444,54.623,55.588,57.241,58.406,59.199,58.563,58.731,59.522,59.909,61.055,62.581,62.736,63.197,64.850,63.648,63.341,63.232,63.204,62.776,62.031,62.586,63.874,63.594,63.188,63.422,61.134,62.380,62.702,62.340,62.736,63.808,64.506,64.851,63.949,65.448,65.689,63.107,66.053,66.469,66.517,66.698,67.918,67.851,69.285,68.660,68.000,70.299,71.689,72.027,72.571,74.787,76.570,77.618,78.530,78.691,79.769,80.374,80.479,80.879,81.590,81.000,82.413,82.383,81.709,82.748,83.955,86.685,85.254,86.193,85.053,84.908,85.353,86.458,87.678,88.776,91.165,90.590,91.330,94.159,95.968,97.079,99.226,101.423,103.884,103.030,102.168,101.592,99.836,96.264,98.849,99.995,99.941,100.063,100.002,97.962,96.877,96.444,94.545,96.204,95.681,96.514,97.089,98.512,98.854,100.050,100.769,101.563,101.728,101.538,101.942,101.593,100.649,100.905,101.792,103.157,103.299,104.129,102.961,101.733,105.781,106.696,106.723,107.874,116.831,111.078,108.668
"26","    State and local",12.833,13.010,13.307,13.514,13.483,13.852,14.089,14.424,15.014,15.855,16.507,16.820,17.232,17.379,17.394,17.400,17.229,17.520,17.607,17.582,17.629,18.003,17.517,17.919,18.303,18.270,18.754,19.202,19.887,19.964,20.514,20.608,21.467,21.745,21.714,21.844,22.073,22.350,22.458,22.686,23.247,23.436,23.770,24.356,25.046,25.398,25.939,26.390,26.549,26.615,26.633,26.496,26.939,27.609,28.019,28.343,29.259,29.059,29.302,30.090,29.874,30.075,30.447,30.764,31.331,31.597,32.435,32.867,33.354,34.113,34.480,34.841,35.152,36.042,37.058,37.594,38.040,38.329,38.773,39.764,40.250,40.464,40.613,41.318,42.076,42.899,43.521,43.884,44.287,44.662,44.760,44.663,45.090,45.336,46.369,46.602,46.797,47.146,47.304,47.900,48.031,47.949,48.335,49.000,49.223,49.303,49.818,50.425,51.062,51.693,51.598,51.618,53.145,52.762,53.437,54.151,54.760,53.803,53.445,53.285,53.814,54.142,54.085,54.167,54.160,55.786,56.430,56.965,55.997,56.524,56.719,57.355,57.623,56.859,55.979,55.704,56.140,55.068,54.910,55.339,55.184,55.377,55.377,55.797,55.999,55.889,56.376,56.410,57.125,57.888,58.876,59.473,60.224,61.315,62.290,62.765,63.921,64.545,65.143,65.362,65.708,65.855,66.078,66.952,67.689,68.541,68.851,69.681,70.241,71.018,71.704,72.664,73.787,73.921,74.411,75.245,75.359,75.662,76.102,76.639,77.626,77.513,77.546,77.487,77.759,78.387,78.798,79.182,79.510,80.416,81.362,81.659,82.296,82.944,83.026,83.459,83.309,84.509,85.227,86.443,86.467,87.107,87.984,88.776,89.586,91.051,92.332,92.856,93.881,94.485,95.433,96.669,97.364,97.230,97.604,98.386,99.589,101.469,101.000,102.910,103.845,103.984,104.286,104.553,104.093,103.581,103.990,103.844,103.904,103.973,103.573,103.595,103.722,103.693,103.757,103.869,104.343,104.744,105.082,105.538,106.166,106.665,106.881,107.137,106.538,106.612,107.134,107.424,108.498,109.427,109.260,108.508,106.972,106.611,105.693,104.676,103.516,102.589,101.657,101.263,100.520,100.188,99.785,99.507,99.559,99.802,99.855,99.670,99.064,99.638,100.028,100.871,101.447,102.719,103.522,103.648,104.969,105.179,105.685,106.104,106.374,106.686,106.847,107.262,107.577,108.245,108.615,107.925,108.768,109.457,109.609,110.005,110.297,108.791,107.705,107.246
